Naam,Id,Regel,Aanbeveling,Thema,Brondocument,Verhouding tot ASTRA,Status
Traceerbaar naar vindplaats,KERN-CON-01,"Een definitie verwijst naar de specifieke vindplaats in de bron (document, versie, artikel, pagina of zin) waarop zij is gebaseerd.",aanbevolen,context,"De Haan, Krouwel & Proper (2026), §3.2 en §5.1a","Aanvulling op CON-02: daar gaat het om de keuze van de bron, hier om de precisie van de verwijzing.",voorstel
Domein expliciet afgebakend,KERN-CON-02,Het domein of de context waarbinnen een definitie geldt is expliciet benoemd.,verplicht,context,"ISO 1087 ('clearly scoped'), via De Haan et al. (2026) §5.1b",ESS-05 en CON-01 veronderstellen een domein; deze regel eist dat het vastligt.,voorstel
Referentie inhoudelijk correct,KERN-CON-03,"De bron waarnaar een definitie verwijst bestaat, is de geldende versie, en ondersteunt op de genoemde vindplaats de definitie inhoudelijk.",verplicht,context,De Haan et al. (2026) §5.1a (verificatie van elke verwijzing tegen de geciteerde zin),"Aanvulling op CON-02: CON-02 vraagt om een authentieke bron, deze regel controleert of de definitie die bron ook volgt.",voorstel
Geen tegenstrijdige kenmerken,KERN-ESS-01,Een definitie bevat geen kenmerken die elkaar logisch uitsluiten.,verplicht,essentie van het begrip,"De Haan et al. (2026) §3.2, categorie 2","Strijdigheid met het hoofdbegrip valt onder SAM-02, met samenstellende begrippen onder SAM-04; deze regel dekt strijdigheid binnen de definitie zelf.",voorstel
Voorbeelden en tegenvoorbeelden congruent met definitie,KERN-ESS-02,"Elk voorbeeld van een begrip voldoet aan de definitie, elk tegenvoorbeeld niet, en de definitie is daarmee niet te ruim of te eng.",verplicht,essentie van het begrip,"ISO 704; De Haan et al. (2026) §3.2, categorie 3",Niet in ASTRA.,voorstel
Voorbeeld en tegenvoorbeeld aanwezig,KERN-ESS-03,"Bij elk begrip is ten minste één voorbeeld beschikbaar, en bij een begrip met nauw verwante begrippen ook ten minste één tegenvoorbeeld dat er net buiten valt.",aanbevolen,essentie van het begrip,"De Haan et al. (2026) §3.2 (verificatie door instantiatie), categorie 4",Niet in ASTRA.,voorstel
Tijdsafhankelijkheid via variabele,KERN-ESS-04,"Als een instantie op de ene dag wel en op een andere dag niet onder een begrip kan vallen, bevatten term en definitie een variabele [dag]; welke dag geldt, bepaalt de regel die het begrip gebruikt, niet de definitie.",verplicht,essentie van het begrip,"Expertoordeel (toetsing Wpp-begrippenlijst, 2026); vgl. SBVR-feittypen","Niet in ASTRA. Lost INT-04-problemen op ('het betreffende …', 'de dan laatstgehouden …') en maakt ESS-04 toetsbaar voor tijdsafhankelijke begrippen.",voorstel
Substitueerbaar,KERN-INT-01,"Een definitie kan zonder verlies van betekenis de term in een zin vervangen: dezelfde woordsoort, zonder lidwoord en zonder 'is'.",aanbevolen,interne kwaliteit van de definitie,"ASTRA (substitutiebenadering, inleiding); ISO 704 (substitutieprincipe)","Maakt de substitutiebenadering uit de ASTRA-inleiding toetsbaar; enkelvoud valt onder VER-02, starten met een naamwoord onder STR-01.",voorstel
Geen restcategorie,KERN-INT-02,"Een definitie beschrijft geen restcategorie (zoals 'overig', 'anders' of 'alle andere').",aanbevolen,interne kwaliteit van de definitie,"OOPS! P21, via De Haan et al. (2026) §5.1c",Het samenvoegen van begrippen met 'en/of' valt onder STR-08/STR-09.,voorstel
"Eén term, één begrip",KERN-SAM-01,Binnen één context staat een term voor precies één begrip.,verplicht,samenhang binnen domein,"De Haan et al. (2026) §3.2 (isomorfie), categorie 7; OOPS! P1","CON-01 regelt homoniemen over contexten heen, SAM-08 synoniemen; deze regel dekt homoniemen binnen één context.",voorstel
Gebruikte begrippen gedefinieerd of vanzelfsprekend,KERN-SAM-02,Elk vakbegrip dat in een definitie wordt gebruikt is zelf in de lijst gedefinieerd of algemeen bekend op B1-niveau.,verplicht,samenhang binnen domein,ASTRA (inleiding); De Haan et al. (2026) categorie 8,INT-10 verbiedt ontoegankelijke kennis; deze regel eist dat het begrippenkader gesloten is.,voorstel
Onderverdeling disjunct en volledig vastgelegd,KERN-SAM-03,Bij een onderverdeling van een begrip in specialisaties is vastgelegd of deze elkaar uitsluiten (disjunct) en of zij samen het hele begrip dekken (volledig).,aanbevolen,samenhang binnen domein,De Haan et al. (2026) §3.3E en Fig. 3; OOPS! P10,Niet in ASTRA.,voorstel
Geen impliciete begrippen,KERN-SAM-04,Een begrip dat door de definities wordt verondersteld (bijvoorbeeld de tegenhanger of het gemeenschappelijke genus van gedefinieerde begrippen) krijgt een eigen term en definitie.,aanbevolen,samenhang binnen domein,De Haan et al. (2026) categorie 5 en §6.2,Niet in ASTRA.,voorstel
Variabelen gebonden en getypeerd,KERN-STR-01,"Elke variabele (tussen vierkante haken) komt zowel in de term als in de definitie voor, en de naam van de variabele is een term uit de begrippenlijst of een algemeen bekend woord op B1-niveau.",verplicht,structuur van de definitie,"Expertoordeel (toetsing Wpp-begrippenlijst, 2026)",Niet in ASTRA. Voorwaarde voor KERN-ESS-04 en voor substitueerbaarheid (KERN-INT-01) van termen met variabelen.,voorstel
