,Id,Regel,Aanbeveling,Thema,Brondocument
"Eigen definitie voor elke context",CON-01,"Een term die in meerdere contexten gebruikt wordt en waarvan de verschillende betekenissen niet te harmoniseren zijn, krijgt voor elke context een eigen definitie onder vermelding van de context.",verplicht,context,"[[How_to_define_business_terms_in_plain_English:_a_primer_(Ronald_Ross)|DBT]], 6.1"
"Baseren op authentieke bron",CON-02,"De definitie moet zoveel mogelijk gebaseerd zijn op een authentieke bron.",verplicht,context,VenV/MDM
"Essentie, niet doel",ESS-01,"De definitie moet de essentie van het gedefinieerde begrip weergeven en niet een doel.",verplicht,"essentie van het begrip","[[How_to_define_business_terms_in_plain_English:_a_primer_(Ronald_Ross)|DBT]], 3.1"
"Type of instantie",ESS-02,"Indien een begrip betrekking kan hebben op een ''type'' of een ''instantie'', dan moet uit de definitie blijken welke van de twee is bedoeld.",verplicht,"essentie van het begrip","[[How_to_define_business_terms_in_plain_English:_a_primer_(Ronald_Ross)|DBT]], 3.2"
"Instanties uniek onderscheidbaar",ESS-03,"Een definitie maakt het mogelijk om instanties van het gedefinieerde begrip uniek te identificeren en van elkaar te onderscheiden.",verplicht,"essentie van het begrip",MAS
Toetsbaarheid,ESS-04,"Een criterium als onderdeel van een definitie moet toetsbaar zijn.",verplicht,"essentie van het begrip",Politie 
"Voldoende onderscheidend",ESS-05,"Een definitie moet onderscheidend zijn binnen een domein.",verplicht,"essentie van het begrip",Politie   
"Compacte en begrijpelijke zin",INT-01,"Een definitie moet compact en begrijpelijk zijn, geformuleerd in één zin.",aanbevolen,"interne kwaliteit van de definitie","[[How_to_define_business_terms_in_plain_English:_a_primer_(Ronald_Ross)|DBT]], 4.1"
"Geen beslisregel",INT-02,"Een definitie mag niet geformuleerd worden als een beslisregel.",aanbevolen,"interne kwaliteit van de definitie","[[How_to_define_business_terms_in_plain_English:_a_primer_(Ronald_Ross)|DBT]], 4.2"
"Voornaamwoord-verwijzing duidelijk",INT-03,"Voor ieder voornaamwoord binnen een definitie dient duidelijk te zijn ''waarnaar'' verwezen wordt.",verplicht,"interne kwaliteit van de definitie","[[How_to_define_business_terms_in_plain_English:_a_primer_(Ronald_Ross)|DBT]], 4.3"
"Lidwoord-verwijzing duidelijk",INT-04,"Bij ieder bepaald lidwoord in een definitie dient duidelijk te zijn ''waarnaar'' verwezen wordt.",verplicht,"interne kwaliteit van de definitie","[[How_to_define_business_terms_in_plain_English:_a_primer_(Ronald_Ross)|DBT]], 4.4"
"Definitie bevat geen toelichting",INT-06,"Een definitie bevat geen nadere toelichting.",verplicht,"interne kwaliteit van de definitie",MAS
"Alleen toegankelijke afkortingen",INT-07,"In een definitie gebruikte afkortingen zijn voorzien van een voor de doelgroep direct toegankelijke referentie.",verplicht,"interne kwaliteit van de definitie",MAS
"Positieve formulering",INT-08,"Een definitie wordt in principe positief geformuleerd, dus zonder ontkenningen te gebruiken.",aanbevolen,"interne kwaliteit van de definitie",MAS
"Opsomming in extensionele definitie is limitatief",INT-09,"De opsomming in een extensionele definitie mag uitsluitend limitatief zijn.",verplicht,"interne kwaliteit van de definitie",Politie
"Geen ontoegankelijke achtergrondkennis nodig",INT-10,"Een definitie mag niet verwijzen naar impliciete en/of niet-openbaar toegankelijke kennis",verplicht,"interne kwaliteit van de definitie",Politie
"Kwalificatie leidt niet tot afwijking",SAM-01,"De definitie van een gekwalificeerd begrip mag geen betekenis opleveren die afwijkt van het niet-gekwalificeerde begrip.",verplicht,"samenhang binnen domein","[[How_to_define_business_terms_in_plain_English:_a_primer_(Ronald_Ross)|DBT]], 5.1"
"Kwalificatie omvat geen herhaling",SAM-02,"Als een begrip wordt gekwalificeerd, mag de definitie geen herhaling bevatten uit (of conflict bevatten met) de definitie van het hoofdbegrip.",verplicht,"samenhang binnen domein","[[How_to_define_business_terms_in_plain_English:_a_primer_(Ronald_Ross)|DBT]], 5.2"
"Definitieteksten niet nesten",SAM-03,"Een definitie van een begrip, of een belangrijk deel van die definitie, mag niet herhaald worden in de definitie van een ander begrip.",verplicht,"samenhang binnen domein","[[How_to_define_business_terms_in_plain_English:_a_primer_(Ronald_Ross)|DBT]], 5.3"
"Begrip-samenstelling strijdt niet met samenstellende begrippen",SAM-04,"De definitie van een samengesteld begrip mag niet strijdig zijn met de onderliggende begrippen.",verplicht,"samenhang binnen domein","geïnspireerd door [[How_to_define_business_terms_in_plain_English:_a_primer_(Ronald_Ross)|DBT]], 5.4"
